<?xml version="1.0" encoding="UTF-8"?>
<!DOCTYPE web-app PUBLIC "-//Sun Microsystems, Inc.//DTD Web Application 2.3//EN" "http://java.sun.com/dtd/web-app_2_3.dtd">   

<!-- ===================================================================== -->
<!-- This file contains the default descriptor for web applications.       -->
<!-- - - - - - - - - - - - - - - - - - - - - - - - - - - - - - - - - - - - -->
<!-- The original of this file is included as a resource in the            -->
<!-- org.mortbay.jetty.jar file and is loaded by default for all web       -->
<!-- applications before there own WEB-INF/web.xml file is loaded          -->
<!--                                                                       -->
<!-- - - - - - - - - - - - - - - - - - - - - - - - - - - - - - - - - - - - -->
<!-- THE COPY OF THIS FILE in $JETTY_HOME/etc IS NOT USED BY DEFAULT!      -->
<!-- - - - - - - - - - - - - - - - - - - - - - - - - - - - - - - - - - - - -->
<!-- If the version in $JETTY_HOME/etc/ is to be used, then the            -->
<!-- setDefaultsDescriptor method must be called on each context,          -->
<!-- giving the location of the default web.xml file to use.               -->
<!-- eg of setting the defaultsDescriptor in jetty.xml:

    <Call name="addWebApplication">
      <Arg>/mycontext</Arg>
      <Arg><SystemProperty name="jetty.home" default=".">/webapps/mywebapp</Arg>
      <Set name="defaultsDescriptor"><SystemProperty name="jetty.home" default="."/>/etc/webdefault.xml</Set>
    </Call>
                                                                           -->
<!-- - - - - - - - - - - - - - - - - - - - - - - - - - - - - - - - - - - - -->


<!-- ===================================================================== -->
<web-app>
  <description>
    Default web.xml file.  
    This file is applied to a Web application before it's own WEB_INF/web.xml file
  </description>



  <!-- ==================================================================== -->
  <!-- Context params to control Session Cookies                            -->
  <!-- - - - - - - - - - - - - - - - - - - - - - - - - - - - - - - - - - -  -->
  <!-- UNCOMMENT TO ACTIVATE
  <context-param>
    <param-name>org.mortbay.jetty.servlet.SessionDomain</param-name>
    <param-value>127.0.0.1</param-value>
  </context-param>

  <context-param>
    <param-name>org.mortbay.jetty.servlet.SessionPath</param-name>
    <param-value>/</param-value>
  </context-param>

  <context-param>
    <param-name>org.mortbay.jetty.servlet.MaxAge</param-name>
    <param-value>-1</param-value>
  </context-param>
  -->



  <!-- ==================================================================== -->
  <!-- The default servlet.                                                 -->
  <!-- This servlet, normally mapped to /, provides the handling for static -->
  <!-- content, OPTIONS and TRACE methods for the context.                  -->
  <!-- The following initParameters are supported:                          -->
  <!--                                                                      -->
  <!--   acceptRanges     If true, range requests and responses are         -->
  <!--                    supported                                         -->
  <!--                                                                      -->
  <!--   dirAllowed       If true, directory listings are returned if no    -->
  <!--                    welcome file is found. Else 403 Forbidden.        -->
  <!--                                                                      -->
  <!--   putAllowed       If true, the PUT method is allowed                -->
  <!--                                                                      -->
  <!--   delAllowed       If true, the DELETE method is allowed             -->
  <!--                                                                      -->
  <!--   redirectWelcome  If true, redirect welcome file requests           -->
  <!--                    else use request dispatcher forwards              -->
  <!--                                                                      -->
  <!--   minGzipLength    If set to a positive integer, then static content -->
  <!--                    larger than this will be served as gzip content   -->
  <!--                    encoded if a matching resource is found ending    -->
  <!--                    with ".gz"                                        -->
  <!--                                                                      -->
  <!--   resoureBase      Can be set to replace the context resource base   -->
  <!--                                                                      -->
  <!-- The MOVE method is allowed if PUT and DELETE are allowed             -->
  <!-- - - - - - - - - - - - - - - - - - - - - - - - - - - - - - - - - - -  -->
  <servlet>
    <servlet-name>default</servlet-name>
    <servlet-class>org.mortbay.jetty.servlet.Default</servlet-class>
    <init-param>
      <param-name>acceptRanges</param-name>
      <param-value>true</param-value>
    </init-param>
    <init-param>
      <param-name>dirAllowed</param-name>
      <param-value>true</param-value>
    </init-param>
    <init-param>
      <param-name>putAllowed</param-name>
      <param-value>false</param-value>
    </init-param>
    <init-param>
      <param-name>delAllowed</param-name>
      <param-value>false</param-value>
    </init-param>
    <init-param>
      <param-name>redirectWelcome</param-name>
      <param-value>false</param-value>
    </init-param>
    <init-param>
      <param-name>minGzipLength</param-name>
      <param-value>8192</param-value>
    </init-param>
    <load-on-startup>0</load-on-startup>
  </servlet>
  
   <!-- ==================================================================== -->
  <!-- JSP Servlet                                                          -->
  <!-- This is the jasper JSP servlet from the jakarta project              -->
  <!-- - - - - - - - - - - - - - - - - - - - - - - - - - - - - - - - - - -  -->
  <!-- The JSP page compiler and execution servlet, which is the mechanism  -->
  <!-- used by Jetty & Tomcat to support JSP pages.  Traditionally, this    -->
  <!-- servlet is mapped to URL pattern "*.jsp".  This servlet supports the -->
  <!-- following initialization parameters (default values are in square    -->
  <!-- brackets):                                                           -->
  <!--                                                                      -->
  <!--   checkInterval       If development is false and reloading is true, -->
  <!--                       background compiles are enabled. checkInterval -->
  <!--                       is the time in seconds between checks to see   -->
  <!--                       if a JSP page needs to be recompiled. [300]    -->
  <!--                                                                      -->
  <!--   compiler            Which compiler Ant should use to compile JSP   -->
  <!--                       pages.  See the Ant documenation for more      -->
  <!--                       information. [javac]                           -->
  <!--                                                                      -->
  <!--   classdebuginfo      Should the class file be compiled with         -->
  <!--                       debugging information?  [true]                 -->
  <!--                                                                      -->
  <!--   classpath           What class path should I use while compiling   -->
  <!--                       generated servlets?  [Created dynamically      -->
  <!--                       based on the current web application]          -->
  <!--                                                                      -->
  <!--   development         Is Jasper used in development mode (will check -->
  <!--                       for JSP modification on every access)?  [true] -->
  <!--                                                                      -->
  <!--   enablePooling       Determines whether tag handler pooling is      -->
  <!--                       enabled  [true]                                -->
  <!--                                                                      -->
  <!--   fork                Tell Ant to fork compiles of JSP pages so that -->
  <!--                       a separate JVM is used for JSP page compiles   -->
  <!--                       from the one Tomcat is running in. [true]      -->
  <!--                                                                      -->
  <!--   ieClassId           The class-id value to be sent to Internet      -->
  <!--                       Explorer when using <jsp:plugin> tags.         -->
  <!--                       [clsid:8AD9C840-044E-11D1-B3E9-00805F499D93]   -->
  <!--                                                                      -->
  <!--   javaEncoding        Java file encoding to use for generating java  -->
  <!--                       source files. [UTF8]                           -->
  <!--                                                                      -->
  <!--   keepgenerated       Should we keep the generated Java source code  -->
  <!--                       for each page instead of deleting it? [true]   -->
  <!--                                                                      -->
  <!--   logVerbosityLevel   The level of detailed messages to be produced  -->
  <!--                       by this servlet.  Increasing levels cause the  -->
  <!--                       generation of more messages.  Valid values are -->
  <!--                       FATAL, ERROR, WARNING, INFORMATION, and DEBUG. -->
  <!--                       [WARNING]                                      -->
  <!--                                                                      -->
  <!--   mappedfile          Should we generate static content with one     -->
  <!--                       print statement per input line, to ease        -->
  <!--                       debugging?  [false]                            -->
  <!--                                                                      -->
  <!--                                                                      -->
  <!--   reloading           Should Jasper check for modified JSPs?  [true] -->
  <!--                                                                      -->
  <!--   suppressSmap        Should the generation of SMAP info for JSR45   -->
  <!--                       debugging be suppressed?  [false]              -->
  <!--                                                                      -->
  <!--   dumpSmap            Should the SMAP info for JSR45 debugging be    -->
  <!--                       dumped to a file? [false]                      -->
  <!--                       False if suppressSmap is true                  -->
  <!--                                                                      -->
  <!--   scratchdir          What scratch directory should we use when      -->
  <!--                       compiling JSP pages?  [default work directory  -->
  <!--                       for the current web application]               -->
  <!--                                                                      -->
  <!--   tagpoolMaxSize      The maximum tag handler pool size  [5]         -->
  <!--                                                                      -->
  <!--   xpoweredBy          Determines whether X-Powered-By response       -->
  <!--                       header is added by generated servlet  [false]  -->
  <!--                                                                      -->
  <!-- If you wish to use Jikes to compile JSP pages:                       -->
  <!-- Set the init parameter "compiler" to "jikes". Define the property    -->
  <!-- "-Dbuild.compiler.emacs=true" when starting Jetty to cause Jikes to  -->
  <!-- emit error messages in a format compatible with Jasper.              -->
  <!-- If you get an error reporting that jikes can't use UTF8 encoding,    -->
  <!-- try setting the init parameter "javaEncoding" to "ISO-8859-1".       -->
  <!-- - - - - - - - - - - - - - - - - - - - - - - - - - - - - - - - - - -  -->
<servlet>
    <servlet-name>jsp</servlet-name>
    <servlet-class>org.apache.jasper.servlet.JspServlet</servlet-class>
    <load-on-startup>0</load-on-startup>
  </servlet>

  <!-- ==================================================================== -->
  <!-- Dynamic Servlet Invoker.                                             -->
  <!-- This servlet invokes anonymous servlets that have not been defined   -->
  <!-- in the web.xml or by other means. The first element of the pathInfo  -->
  <!-- of a request passed to the envoker is treated as a servlet name for  -->
  <!-- an existing servlet, or as a class name of a new servlet.            -->
  <!-- This servlet is normally mapped to /servlet/*                        -->
  <!-- This servlet support the following initParams:                       -->
  <!--                                                                      -->
  <!--  nonContextServlets       If false, the invoker can only load        -->
  <!--                           servlets from the contexts classloader.    -->
  <!--                           This is false by default and setting this  -->
  <!--                           to true may have security implications.    -->
  <!--                                                                      -->
  <!--  verbose                  If true, log dynamic loads                 -->
  <!--                                                                      -->
  <!--  *                        All other parameters are copied to the     -->
  <!--                           each dynamic servlet as init parameters    -->
  <!-- - - - - - - - - - - - - - - - - - - - - - - - - - - - - - - - - - -  -->
  <servlet>
    <servlet-name>invoker</servlet-name>
    <servlet-class>org.mortbay.jetty.servlet.Invoker</servlet-class>
    <init-param>
      <param-name>verbose</param-name>
      <param-value>false</param-value>
    </init-param>
    <init-param>
      <param-name>nonContextServlets</param-name>
      <param-value>false</param-value>
    </init-param>
    <init-param>
      <param-name>dynamicParam</param-name>
      <param-value>anyValue</param-value>
    </init-param>
    <load-on-startup>0</load-on-startup>
  </servlet>

  <!-- ==================================================================== -->
  <servlet-mapping>
    <servlet-name>default</servlet-name>
    <url-pattern>/</url-pattern>
  </servlet-mapping>

  <!-- ==================================================================== -->
  <servlet-mapping>
    <servlet-name>jsp</servlet-name>
    <url-pattern>*.jsp</url-pattern>
  </servlet-mapping>

  <!-- ==================================================================== -->
  <servlet-mapping>
    <servlet-name>jsp</servlet-name>
    <url-pattern>*.jspf</url-pattern>
  </servlet-mapping>

  <!-- ==================================================================== -->
  <servlet-mapping>
    <servlet-name>invoker</servlet-name>
    <url-pattern>/servlet/*</url-pattern>
  </servlet-mapping>


  <!-- ==================================================================== -->
  <session-config>
    <session-timeout>30</session-timeout>
  </session-config>

  <!-- ==================================================================== -->
  <!-- Default MIME mappings                                                -->
  <!-- The default MIME mappings are provided by the mime.properties        -->
  <!-- resource in the org.mortbay.jetty.jar file.  Additional or modified  -->
  <!-- mappings may be specified here                                       -->
  <!-- - - - - - - - - - - - - - - - - - - - - - - - - - - - - - - - - - -  -->
  <!-- UNCOMMENT TO ACTIVATE
  <mime-mapping>
    <extension>mysuffix</extension>
    <mime-type>mymime/type</mime-type>
  </mime-mapping>
  -->

  <!-- ==================================================================== -->
  <welcome-file-list>
    <welcome-file>index.html</welcome-file>
    <welcome-file>index.htm</welcome-file>
    <welcome-file>index.jsp</welcome-file>
  </welcome-file-list>

</web-app>

