<?xml version="1.0" encoding="UTF-8"?>
<portlet-app version="1.0" xmlns="http://java.sun.com/xml/ns/portlet/portlet-app_1_0.xsd"
         xmlns:xsi="http://www.w3.org/2001/XMLSchema-instance"
xsi:schemaLocation="http://java.sun.com/xml/ns/portlet/portlet-app_1_0.xsd http://java.sun.com/xml/ns/portlet/portlet-app_1_0.xsd">
  <portlet>
    <description xml:lang="EN">XWiki Portlet</description>
    <portlet-name>xwiki</portlet-name>
    <display-name xml:lang="EN">xwiki</display-name>
    <portlet-class>com.xpn.xwiki.web.XWikiPortlet</portlet-class>

    <expiration-cache>0</expiration-cache>

    <supports>
      <mime-type>text/html</mime-type>
      <portlet-mode>edit</portlet-mode>
      <portlet-mode>config</portlet-mode>
    </supports>

    <supported-locale>en</supported-locale>

    <portlet-info>
      <title>XWiki</title>
      <short-title>XWiki</short-title>
      <keywords>xwiki</keywords>
    </portlet-info>
      <portlet-preferences>
          <preference>
              <name>rootTopic</name>
              <value>Main</value>
              <read-only>false</read-only>
          </preference>
      </portlet-preferences>
  </portlet>

</portlet-app>
